{
    "comment": "An addon script that plays music when you take the Apparatus. Works in tandom with ApparatusDetection.json",
    "isAddon": true,
    "volumeGroups": [
    {
        "masterVolume": 0.5,
        "tag": "EscapeMusic",
        "volumeLerpSpeed": 2,
        "stoppingVolumeLerpSpeed": 0.5,
        "volumeModifiers": [
            {
                "comment": "Crouching volume scale",
                "volumeScale": 0.2,
                "condition": {
                    "conditionType": "PlayerCrouching"
                }
            }
        ]
    }
],
    "scriptEvents": [
        {
            "comment": "Plays meltdown-in-progress.ogg upon taking the Apparatus.",
			"scriptEventType": "PlayMusic",
            "gameEventType": "ApparatusTaken",
			"overlapHandling": "OverrideTag",
			"tag": "EscapeMusic",
            "conditions": [],
            "musicNames": [
                "meltdown-in-progress.ogg"
            ]
        },
        {
            "comment": "Stops music from playing while in orbit, because that doesn't make a lot of sense gameplay-wise.",
            "scriptEventType": "StopMusic",
            "gameEventType": "ShipTakeOff",
            "conditions": [],
            "targetTags": [
                "EscapeMusic"
            ]
        }
    ]
}